# pressure    , temperature , height      , H2O         , CO2         , O3          , N2O         , CO          , CH4         , O2          , NO          , NO2         , HNO         , OH          , CLO         , N2          , HCN         , HO2         , O         
# [Pa]        , [K]         , [m]         , [kg/kg]     , [kg/kg]     , [kg/kg]     , [kg/kg]     , [kg/kg]     , [kg/kg]     , [kg/kg]     , [kg/kg]     , [kg/kg]     , [kg/kg]     , [kg/kg]     , [kg/kg]     , [kg/kg]     , [kg/kg]     , [kg/kg]     , [kg/kg]    
1.4383200e-04 , 1.16290e+03 , 2.00000e+05 , 1.00000e-10 , 2.02900e-06 , 9.46500e-13 , 1.00000e-12 , 1.00000e-06 , 1.00000e-11 , 1.65100e-02 , 4.04200e-04 , 5.31900e-16 , 1.00000e-23 , 1.05700e-18 , 4.91300e-14 , 3.59900e-01 , 4.50000e-11 , 1.00000e-11 , 6.01900e-01
1.4687800e-04 , 1.15897e+03 , 1.99000e+05 , 1.00400e-10 , 2.03000e-06 , 9.48900e-13 , 1.00200e-12 , 1.00200e-06 , 1.00300e-11 , 1.67500e-02 , 4.04200e-04 , 5.30400e-16 , 1.01000e-23 , 1.05400e-18 , 4.91300e-14 , 3.63200e-01 , 4.50000e-11 , 9.94900e-12 , 6.02300e-01
1.5000700e-04 , 1.15502e+03 , 1.98000e+05 , 1.01600e-10 , 2.03300e-06 , 9.46900e-13 , 1.00800e-12 , 1.00800e-06 , 1.01100e-11 , 1.69900e-02 , 4.04200e-04 , 5.31600e-16 , 1.03900e-23 , 1.05700e-18 , 4.91300e-14 , 3.66500e-01 , 4.50000e-11 , 9.79900e-12 , 6.01700e-01
1.5322100e-04 , 1.15102e+03 , 1.97000e+05 , 1.03600e-10 , 2.03800e-06 , 9.41700e-13 , 1.01900e-12 , 1.01700e-06 , 1.02400e-11 , 1.72400e-02 , 4.04200e-04 , 5.34900e-16 , 1.08900e-23 , 1.06300e-18 , 4.91300e-14 , 3.69800e-01 , 4.50000e-11 , 9.55800e-12 , 6.00500e-01
1.5652200e-04 , 1.14696e+03 , 1.96000e+05 , 1.06400e-10 , 2.04500e-06 , 9.33900e-13 , 1.03400e-12 , 1.03000e-06 , 1.04300e-11 , 1.74900e-02 , 4.04200e-04 , 5.40000e-16 , 1.16200e-23 , 1.07200e-18 , 4.91300e-14 , 3.73200e-01 , 4.50000e-11 , 9.23600e-12 , 5.99000e-01
1.5991400e-04 , 1.14284e+03 , 1.95000e+05 , 1.10100e-10 , 2.05400e-06 , 9.24000e-13 , 1.05300e-12 , 1.04700e-06 , 1.06800e-11 , 1.77500e-02 , 4.04200e-04 , 5.46600e-16 , 1.26200e-23 , 1.08300e-18 , 4.91300e-14 , 3.76600e-01 , 4.50000e-11 , 8.84300e-12 , 5.97300e-01
1.6340000e-04 , 1.13860e+03 , 1.94000e+05 , 1.14800e-10 , 2.06500e-06 , 9.04800e-13 , 1.07600e-12 , 1.06800e-06 , 1.09800e-11 , 1.80000e-02 , 4.04200e-04 , 5.59900e-16 , 1.39500e-23 , 1.10700e-18 , 4.91300e-14 , 3.80000e-01 , 4.50000e-11 , 8.39300e-12 , 5.93800e-01
1.6698400e-04 , 1.13428e+03 , 1.93000e+05 , 1.20500e-10 , 2.07800e-06 , 8.83000e-13 , 1.10400e-12 , 1.09200e-06 , 1.13400e-11 , 1.82700e-02 , 4.04200e-04 , 5.75800e-16 , 1.56700e-23 , 1.13600e-18 , 4.91300e-14 , 3.83400e-01 , 4.50000e-11 , 7.89700e-12 , 5.90300e-01
1.7066900e-04 , 1.12987e+03 , 1.92000e+05 , 1.27300e-10 , 2.09300e-06 , 8.59100e-13 , 1.13700e-12 , 1.12100e-06 , 1.17700e-11 , 1.85300e-02 , 4.04200e-04 , 5.94600e-16 , 1.78900e-23 , 1.17000e-18 , 4.91300e-14 , 3.86800e-01 , 4.50000e-11 , 7.37100e-12 , 5.86800e-01
1.7445900e-04 , 1.12538e+03 , 1.91000e+05 , 1.35300e-10 , 2.11000e-06 , 8.33400e-13 , 1.17500e-12 , 1.15400e-06 , 1.22700e-11 , 1.88100e-02 , 4.04200e-04 , 6.16500e-16 , 2.07400e-23 , 1.21000e-18 , 4.91300e-14 , 3.90300e-01 , 4.50000e-11 , 6.82500e-12 , 5.83200e-01
1.7835700e-04 , 1.12080e+03 , 1.90000e+05 , 1.44800e-10 , 2.12900e-06 , 8.06400e-13 , 1.21800e-12 , 1.19100e-06 , 1.28500e-11 , 1.90800e-02 , 4.04200e-04 , 6.41500e-16 , 2.44200e-23 , 1.25500e-18 , 4.91300e-14 , 3.93800e-01 , 4.50000e-11 , 6.27100e-12 , 5.79700e-01
1.8236900e-04 , 1.11610e+03 , 1.89000e+05 , 1.55900e-10 , 2.15100e-06 , 7.78500e-13 , 1.26700e-12 , 1.23400e-06 , 1.35100e-11 , 1.93600e-02 , 4.04200e-04 , 6.70000e-16 , 2.91800e-23 , 1.30700e-18 , 4.91300e-14 , 3.97300e-01 , 4.50000e-11 , 5.72100e-12 , 5.76100e-01
1.8649700e-04 , 1.11130e+03 , 1.88000e+05 , 1.68800e-10 , 2.17500e-06 , 7.50000e-13 , 1.32200e-12 , 1.28100e-06 , 1.42600e-11 , 1.96500e-02 , 4.04200e-04 , 7.02200e-16 , 3.53700e-23 , 1.36700e-18 , 4.91300e-14 , 4.00800e-01 , 4.50000e-11 , 5.18200e-12 , 5.72400e-01
1.9074800e-04 , 1.10642e+03 , 1.87000e+05 , 1.83900e-10 , 2.20200e-06 , 7.21200e-13 , 1.38400e-12 , 1.33400e-06 , 1.51200e-11 , 1.99400e-02 , 4.04200e-04 , 7.38500e-16 , 4.34600e-23 , 1.43400e-18 , 4.91300e-14 , 4.04400e-01 , 4.50000e-11 , 4.66300e-12 , 5.68800e-01
1.9512400e-04 , 1.10145e+03 , 1.86000e+05 , 2.01400e-10 , 2.23000e-06 , 6.92400e-13 , 1.45300e-12 , 1.39200e-06 , 1.60800e-11 , 2.02300e-02 , 4.04200e-04 , 7.79300e-16 , 5.41300e-23 , 1.51100e-18 , 4.91300e-14 , 4.07900e-01 , 4.50000e-11 , 4.16900e-12 , 5.65100e-01
1.9963200e-04 , 1.09638e+03 , 1.85000e+05 , 2.21700e-10 , 2.26200e-06 , 6.63800e-13 , 1.53000e-12 , 1.45700e-06 , 1.71700e-11 , 2.05300e-02 , 4.04200e-04 , 8.24900e-16 , 6.82800e-23 , 1.59700e-18 , 4.91300e-14 , 4.11500e-01 , 4.50000e-11 , 3.70500e-12 , 5.61400e-01
2.0427600e-04 , 1.09118e+03 , 1.84000e+05 , 2.45300e-10 , 2.29600e-06 , 6.35800e-13 , 1.61500e-12 , 1.52800e-06 , 1.84000e-11 , 2.08400e-02 , 4.04200e-04 , 8.75800e-16 , 8.72000e-23 , 1.69400e-18 , 4.91300e-14 , 4.15100e-01 , 4.50000e-11 , 3.27300e-12 , 5.57600e-01
2.0906300e-04 , 1.08589e+03 , 1.83000e+05 , 2.72800e-10 , 2.33300e-06 , 6.08500e-13 , 1.71000e-12 , 1.60600e-06 , 1.97900e-11 , 2.11500e-02 , 4.04200e-04 , 9.32600e-16 , 1.12700e-22 , 1.80300e-18 , 4.91300e-14 , 4.18800e-01 , 4.50000e-11 , 2.87600e-12 , 5.53900e-01
2.1399700e-04 , 1.08049e+03 , 1.82000e+05 , 3.04900e-10 , 2.37200e-06 , 5.82000e-13 , 1.81500e-12 , 1.69200e-06 , 2.13400e-11 , 2.14700e-02 , 4.04200e-04 , 9.95800e-16 , 1.47400e-22 , 1.92600e-18 , 4.91300e-14 , 4.22400e-01 , 4.50000e-11 , 2.51400e-12 , 5.50100e-01
2.1908500e-04 , 1.07500e+03 , 1.81000e+05 , 3.42200e-10 , 2.41500e-06 , 5.56400e-13 , 1.93200e-12 , 1.78700e-06 , 2.31000e-11 , 2.17900e-02 , 4.04200e-04 , 1.06600e-15 , 1.94800e-22 , 2.06400e-18 , 4.91300e-14 , 4.26100e-01 , 4.50000e-11 , 2.18600e-12 , 5.46200e-01
2.2433400e-04 , 1.06939e+03 , 1.80000e+05 , 3.85700e-10 , 2.46100e-06 , 5.32000e-13 , 2.06000e-12 , 1.89000e-06 , 2.50700e-11 , 2.21200e-02 , 4.04200e-04 , 1.14400e-15 , 2.60200e-22 , 2.22000e-18 , 4.91300e-14 , 4.29800e-01 , 4.50000e-11 , 1.89300e-12 , 5.42400e-01
2.2974900e-04 , 1.06363e+03 , 1.79000e+05 , 4.36700e-10 , 2.51000e-06 , 5.08700e-13 , 2.20300e-12 , 2.00400e-06 , 2.72900e-11 , 2.24500e-02 , 4.04200e-04 , 1.23100e-15 , 3.51100e-22 , 2.39600e-18 , 4.91300e-14 , 4.33500e-01 , 4.50000e-11 , 1.63200e-12 , 5.38500e-01
2.3533900e-04 , 1.05776e+03 , 1.78000e+05 , 4.96300e-10 , 2.56300e-06 , 4.86700e-13 , 2.36000e-12 , 2.12800e-06 , 2.97900e-11 , 2.27900e-02 , 4.04200e-04 , 1.32800e-15 , 4.78300e-22 , 2.59500e-18 , 4.91300e-14 , 4.37300e-01 , 4.50000e-11 , 1.40200e-12 , 5.34600e-01
2.4111000e-04 , 1.05176e+03 , 1.77000e+05 , 5.66100e-10 , 2.61900e-06 , 4.66000e-13 , 2.53400e-12 , 2.26300e-06 , 3.26100e-11 , 2.31400e-02 , 4.04200e-04 , 1.43600e-15 , 6.57500e-22 , 2.81900e-18 , 4.91300e-14 , 4.41000e-01 , 4.50000e-11 , 1.19900e-12 , 5.30600e-01
2.4707100e-04 , 1.04566e+03 , 1.76000e+05 , 6.48100e-10 , 2.67900e-06 , 4.46500e-13 , 2.72600e-12 , 2.41200e-06 , 3.57800e-11 , 2.35000e-02 , 4.04200e-04 , 1.55500e-15 , 9.11800e-22 , 3.07300e-18 , 4.91300e-14 , 4.44800e-01 , 4.50000e-11 , 1.02200e-12 , 5.26600e-01
2.5323100e-04 , 1.03943e+03 , 1.75000e+05 , 7.44400e-10 , 2.74300e-06 , 4.28400e-13 , 2.93800e-12 , 2.57300e-06 , 3.93600e-11 , 2.38600e-02 , 4.04200e-04 , 1.68700e-15 , 1.27500e-21 , 3.36000e-18 , 4.91300e-14 , 4.48600e-01 , 4.50000e-11 , 8.69200e-13 , 5.22600e-01
2.5959700e-04 , 1.03303e+03 , 1.74000e+05 , 8.57800e-10 , 2.81100e-06 , 4.11700e-13 , 3.17300e-12 , 2.75000e-06 , 4.33900e-11 , 2.42300e-02 , 4.04200e-04 , 1.83500e-15 , 1.79600e-21 , 3.68600e-18 , 4.91300e-14 , 4.52500e-01 , 4.50000e-11 , 7.36800e-13 , 5.18500e-01
2.6618000e-04 , 1.02651e+03 , 1.73000e+05 , 9.91400e-10 , 2.88400e-06 , 3.96200e-13 , 3.43100e-12 , 2.94200e-06 , 4.79300e-11 , 2.46100e-02 , 4.04200e-04 , 1.99800e-15 , 2.54800e-21 , 4.05700e-18 , 4.91300e-14 , 4.56300e-01 , 4.50000e-11 , 6.23100e-13 , 5.14400e-01
2.7299000e-04 , 1.01986e+03 , 1.72000e+05 , 1.14900e-09 , 2.96200e-06 , 3.82100e-13 , 3.71700e-12 , 3.15200e-06 , 5.30600e-11 , 2.49900e-02 , 4.04200e-04 , 2.18000e-15 , 3.64100e-21 , 4.47800e-18 , 4.91300e-14 , 4.60200e-01 , 4.50000e-11 , 5.25800e-13 , 5.10300e-01
2.8003700e-04 , 1.01308e+03 , 1.71000e+05 , 1.33500e-09 , 3.04400e-06 , 3.69300e-13 , 4.03300e-12 , 3.38100e-06 , 5.88500e-11 , 2.53900e-02 , 4.04200e-04 , 2.38100e-15 , 5.23500e-21 , 4.95900e-18 , 4.91300e-14 , 4.64100e-01 , 4.50000e-11 , 4.42800e-13 , 5.06200e-01
2.8733300e-04 , 1.00618e+03 , 1.70000e+05 , 1.55500e-09 , 3.13200e-06 , 3.57900e-13 , 4.38200e-12 , 3.63000e-06 , 6.53900e-11 , 2.57900e-02 , 4.04200e-04 , 2.60400e-15 , 7.57000e-21 , 5.50900e-18 , 4.91300e-14 , 4.68000e-01 , 4.50000e-11 , 3.72400e-13 , 5.02000e-01
2.9488800e-04 , 9.99092e+02 , 1.69000e+05 , 1.81500e-09 , 3.22600e-06 , 3.47700e-13 , 4.76700e-12 , 3.90200e-06 , 7.27700e-11 , 2.62000e-02 , 4.04200e-04 , 2.85200e-15 , 1.10100e-20 , 6.13800e-18 , 4.91300e-14 , 4.72000e-01 , 4.50000e-11 , 3.12800e-13 , 4.97700e-01
3.0271800e-04 , 9.91873e+02 , 1.68000e+05 , 2.12200e-09 , 3.32500e-06 , 3.38800e-13 , 5.19200e-12 , 4.19700e-06 , 8.11100e-11 , 2.66300e-02 , 4.04200e-04 , 3.12700e-15 , 1.60800e-20 , 6.85900e-18 , 4.91300e-14 , 4.75900e-01 , 4.50000e-11 , 2.62400e-13 , 4.93500e-01
3.1083400e-04 , 9.84517e+02 , 1.67000e+05 , 2.48700e-09 , 3.43100e-06 , 3.31200e-13 , 5.66200e-12 , 4.51800e-06 , 9.05300e-11 , 2.70600e-02 , 4.04200e-04 , 3.43200e-15 , 2.36000e-20 , 7.68800e-18 , 4.91300e-14 , 4.79900e-01 , 4.50000e-11 , 2.20100e-13 , 4.89200e-01
3.1925100e-04 , 9.77026e+02 , 1.66000e+05 , 2.91800e-09 , 3.54400e-06 , 3.25000e-13 , 6.17900e-12 , 4.86600e-06 , 1.01200e-10 , 2.75000e-02 , 4.04200e-04 , 3.77000e-15 , 3.47700e-20 , 8.64100e-18 , 4.91300e-14 , 4.83900e-01 , 4.50000e-11 , 1.84500e-13 , 4.84800e-01
3.2798500e-04 , 9.69395e+02 , 1.65000e+05 , 3.42900e-09 , 3.66400e-06 , 3.20000e-13 , 6.75100e-12 , 5.24500e-06 , 1.13200e-10 , 2.79600e-02 , 4.04200e-04 , 4.14400e-15 , 5.14000e-20 , 9.74200e-18 , 4.91300e-14 , 4.87900e-01 , 4.50000e-11 , 1.54600e-13 , 4.80500e-01
3.3705200e-04 , 9.61553e+02 , 1.64000e+05 , 4.03500e-09 , 3.79100e-06 , 3.16400e-13 , 7.38100e-12 , 5.65600e-06 , 1.26800e-10 , 2.84300e-02 , 4.04200e-04 , 4.55800e-15 , 7.62200e-20 , 1.10100e-17 , 4.91300e-14 , 4.92000e-01 , 4.50000e-11 , 1.29600e-13 , 4.76100e-01
3.4646900e-04 , 9.53566e+02 , 1.63000e+05 , 4.75200e-09 , 3.92700e-06 , 3.14100e-13 , 8.07500e-12 , 6.10100e-06 , 1.42100e-10 , 2.89100e-02 , 4.04200e-04 , 5.01500e-15 , 1.13300e-19 , 1.24900e-17 , 4.91300e-14 , 4.96000e-01 , 4.50000e-11 , 1.08800e-13 , 4.71600e-01
3.5625700e-04 , 9.45422e+02 , 1.62000e+05 , 5.60100e-09 , 4.07200e-06 , 3.13300e-13 , 8.84100e-12 , 6.58300e-06 , 1.59400e-10 , 2.94000e-02 , 4.04200e-04 , 5.52100e-15 , 1.68800e-19 , 1.41900e-17 , 4.91300e-14 , 5.00100e-01 , 4.50000e-11 , 9.13200e-14 , 4.67100e-01
3.6643300e-04 , 9.37127e+02 , 1.61000e+05 , 6.60600e-09 , 4.22600e-06 , 3.14000e-13 , 9.68300e-12 , 7.10500e-06 , 1.78900e-10 , 2.99100e-02 , 4.04200e-04 , 6.07900e-15 , 2.51900e-19 , 1.61800e-17 , 4.91300e-14 , 5.04200e-01 , 4.50000e-11 , 7.67700e-14 , 4.62600e-01
3.7702200e-04 , 9.28671e+02 , 1.60000e+05 , 7.79500e-09 , 4.39000e-06 , 3.16200e-13 , 1.06100e-11 , 7.66800e-06 , 2.00900e-10 , 3.04200e-02 , 4.04200e-04 , 6.69400e-15 , 3.76300e-19 , 1.85000e-17 , 4.91300e-14 , 5.08400e-01 , 4.50000e-11 , 6.46300e-14 , 4.58000e-01
3.8804500e-04 , 9.19970e+02 , 1.59000e+05 , 9.19900e-09 , 4.56500e-06 , 3.20200e-13 , 1.16300e-11 , 8.27600e-06 , 2.25700e-10 , 3.09600e-02 , 4.04200e-04 , 7.37100e-15 , 5.62600e-19 , 2.12000e-17 , 4.91300e-14 , 5.12500e-01 , 4.50000e-11 , 5.45100e-14 , 4.53300e-01
3.9952800e-04 , 9.11103e+02 , 1.58000e+05 , 1.08600e-08 , 4.75100e-06 , 3.26000e-13 , 1.27500e-11 , 8.93200e-06 , 2.53700e-10 , 3.15200e-02 , 4.04200e-04 , 8.11600e-15 , 8.41100e-19 , 2.43600e-17 , 4.91300e-14 , 5.16700e-01 , 4.50000e-11 , 4.60600e-14 , 4.48700e-01
4.1149800e-04 , 9.02062e+02 , 1.57000e+05 , 1.28100e-08 , 4.95000e-06 , 3.33800e-13 , 1.39800e-11 , 9.63800e-06 , 2.85100e-10 , 3.20900e-02 , 4.04200e-04 , 8.93500e-15 , 1.25700e-18 , 2.80700e-17 , 4.91300e-14 , 5.20900e-01 , 4.50000e-11 , 3.90200e-14 , 4.44000e-01
4.2398300e-04 , 8.92852e+02 , 1.56000e+05 , 1.51100e-08 , 5.16200e-06 , 3.43800e-13 , 1.53300e-11 , 1.04000e-05 , 3.20400e-10 , 3.26800e-02 , 4.04200e-04 , 9.83200e-15 , 1.87800e-18 , 3.24200e-17 , 4.91300e-14 , 5.25100e-01 , 4.50000e-11 , 3.31500e-14 , 4.39200e-01
4.3701600e-04 , 8.83465e+02 , 1.55000e+05 , 1.78200e-08 , 5.38900e-06 , 3.56400e-13 , 1.68000e-11 , 1.12100e-05 , 3.60000e-10 , 3.32900e-02 , 4.04200e-04 , 1.08100e-14 , 2.80200e-18 , 3.75400e-17 , 4.91300e-14 , 5.29300e-01 , 4.50000e-11 , 2.82400e-14 , 4.34400e-01
4.5063000e-04 , 8.73808e+02 , 1.54000e+05 , 2.09900e-08 , 5.63100e-06 , 3.71900e-13 , 1.84200e-11 , 1.20800e-05 , 4.04400e-10 , 3.39300e-02 , 4.04200e-04 , 1.18900e-14 , 4.17300e-18 , 4.35800e-17 , 4.91300e-14 , 5.33600e-01 , 4.50000e-11 , 2.41400e-14 , 4.29500e-01
4.6486300e-04 , 8.63971e+02 , 1.53000e+05 , 2.47000e-08 , 5.88900e-06 , 3.90700e-13 , 2.01800e-11 , 1.30100e-05 , 4.54100e-10 , 3.45800e-02 , 4.04200e-04 , 1.30600e-14 , 6.20200e-18 , 5.07200e-17 , 4.91300e-14 , 5.37900e-01 , 4.50000e-11 , 2.07100e-14 , 4.24600e-01
4.7975400e-04 , 8.53941e+02 , 1.52000e+05 , 2.90400e-08 , 6.16500e-06 , 4.13400e-13 , 2.21100e-11 , 1.40100e-05 , 5.09700e-10 , 3.52600e-02 , 4.04200e-04 , 1.43300e-14 , 9.19300e-18 , 5.91700e-17 , 4.91300e-14 , 5.42200e-01 , 4.50000e-11 , 1.78300e-14 , 4.19700e-01
4.9534700e-04 , 8.43726e+02 , 1.51000e+05 , 3.41000e-08 , 6.46100e-06 , 4.40500e-13 , 2.42000e-11 , 1.50700e-05 , 5.71700e-10 , 3.59700e-02 , 4.04200e-04 , 1.57100e-14 , 1.35900e-17 , 6.91800e-17 , 4.91300e-14 , 5.46500e-01 , 4.50000e-11 , 1.54200e-14 , 4.14700e-01
5.1168700e-04 , 8.33314e+02 , 1.50000e+05 , 3.99700e-08 , 6.77700e-06 , 4.73000e-13 , 2.64800e-11 , 1.61900e-05 , 6.40700e-10 , 3.67000e-02 , 4.04200e-04 , 1.72000e-14 , 2.00100e-17 , 8.10900e-17 , 4.91300e-14 , 5.50800e-01 , 4.50000e-11 , 1.34000e-14 , 4.09600e-01
5.2882900e-04 , 8.22594e+02 , 1.49000e+05 , 4.67700e-08 , 7.11500e-06 , 5.11900e-13 , 2.89600e-11 , 1.73800e-05 , 7.17500e-10 , 3.74700e-02 , 3.99600e-04 , 1.88200e-14 , 2.93400e-17 , 9.52600e-17 , 4.91300e-14 , 5.55100e-01 , 4.50000e-11 , 1.17000e-14 , 4.04500e-01
5.4682800e-04 , 8.11675e+02 , 1.48000e+05 , 5.46200e-08 , 7.47700e-06 , 5.58400e-13 , 3.16400e-11 , 1.86400e-05 , 8.02600e-10 , 3.82600e-02 , 3.94300e-04 , 2.05600e-14 , 4.28400e-17 , 1.12200e-16 , 4.91300e-14 , 5.59500e-01 , 4.50000e-11 , 1.02600e-14 , 3.99300e-01
5.6574600e-04 , 8.00545e+02 , 1.47000e+05 , 6.36600e-08 , 7.86600e-06 , 6.14300e-13 , 3.45300e-11 , 1.99700e-05 , 8.96700e-10 , 3.90900e-02 , 3.88200e-04 , 2.24300e-14 , 6.22400e-17 , 1.32400e-16 , 4.91300e-14 , 5.63900e-01 , 4.50000e-11 , 9.05300e-15 , 3.94100e-01
5.8565000e-04 , 7.89214e+02 , 1.46000e+05 , 7.40200e-08 , 8.28300e-06 , 6.81500e-13 , 3.76600e-11 , 2.13700e-05 , 1.00100e-09 , 3.99500e-02 , 3.81900e-04 , 2.44200e-14 , 8.99400e-17 , 1.56600e-16 , 4.91300e-14 , 5.68300e-01 , 4.50000e-11 , 8.03200e-15 , 3.88800e-01
6.0661300e-04 , 7.77672e+02 , 1.45000e+05 , 8.58500e-08 , 8.73000e-06 , 7.62800e-13 , 4.10200e-11 , 2.28300e-05 , 1.11500e-09 , 4.08600e-02 , 3.75200e-04 , 2.65500e-14 , 1.29200e-16 , 1.85600e-16 , 4.91300e-14 , 5.72700e-01 , 4.50000e-11 , 7.16900e-15 , 3.83400e-01
6.2871900e-04 , 7.65791e+02 , 1.44000e+05 , 9.93000e-08 , 9.21000e-06 , 8.61600e-13 , 4.46400e-11 , 2.43600e-05 , 1.24100e-09 , 4.18000e-02 , 3.67700e-04 , 2.88200e-14 , 1.84400e-16 , 2.20400e-16 , 4.91300e-14 , 5.77200e-01 , 4.50000e-11 , 6.43900e-15 , 3.78000e-01
6.5205900e-04 , 7.53695e+02 , 1.43000e+05 , 1.14500e-07 , 9.72600e-06 , 9.82200e-13 , 4.85000e-11 , 2.59500e-05 , 1.37800e-09 , 4.27800e-02 , 3.59800e-04 , 3.12100e-14 , 2.61400e-16 , 2.62300e-16 , 4.91300e-14 , 5.81600e-01 , 4.50000e-11 , 5.82200e-15 , 3.72500e-01
6.7673300e-04 , 7.41364e+02 , 1.42000e+05 , 1.31700e-07 , 1.02800e-05 , 1.13100e-12 , 5.26300e-11 , 2.76000e-05 , 1.52800e-09 , 4.38200e-02 , 3.51700e-04 , 3.37400e-14 , 3.67900e-16 , 3.12900e-16 , 4.91300e-14 , 5.86100e-01 , 4.50000e-11 , 5.30100e-15 , 3.66900e-01
7.0285100e-04 , 7.28813e+02 , 1.41000e+05 , 1.50900e-07 , 1.08800e-05 , 1.31400e-12 , 5.70300e-11 , 2.93000e-05 , 1.69100e-09 , 4.49000e-02 , 3.42900e-04 , 3.63900e-14 , 5.13800e-16 , 3.74000e-16 , 4.91300e-14 , 5.90600e-01 , 4.50000e-11 , 4.86200e-15 , 3.61300e-01
7.3053500e-04 , 7.16021e+02 , 1.40000e+05 , 1.72300e-07 , 1.15200e-05 , 1.54300e-12 , 6.17000e-11 , 3.10500e-05 , 1.86800e-09 , 4.60300e-02 , 3.33700e-04 , 3.91600e-14 , 7.11700e-16 , 4.47900e-16 , 4.91300e-14 , 5.95100e-01 , 4.50000e-11 , 4.49200e-15 , 3.55500e-01
7.5992700e-04 , 7.02831e+02 , 1.39000e+05 , 1.96100e-07 , 1.22100e-05 , 1.83000e-12 , 6.66300e-11 , 3.28500e-05 , 2.05900e-09 , 4.72200e-02 , 3.24500e-04 , 4.20400e-14 , 9.77100e-16 , 5.37400e-16 , 4.91300e-14 , 5.99600e-01 , 4.50000e-11 , 4.18400e-15 , 3.49700e-01
7.9118200e-04 , 6.89397e+02 , 1.38000e+05 , 2.22200e-07 , 1.29600e-05 , 2.19400e-12 , 7.18300e-11 , 3.46700e-05 , 2.26300e-09 , 4.84700e-02 , 3.14900e-04 , 4.50100e-14 , 1.32900e-15 , 6.46000e-16 , 4.91300e-14 , 6.04200e-01 , 4.50000e-11 , 3.92800e-15 , 3.43800e-01
8.2447500e-04 , 6.75699e+02 , 1.37000e+05 , 2.50800e-07 , 1.37700e-05 , 2.65900e-12 , 7.73000e-11 , 3.65200e-05 , 2.48300e-09 , 4.97900e-02 , 3.04700e-04 , 4.80700e-14 , 1.79100e-15 , 7.78100e-16 , 4.91300e-14 , 6.08700e-01 , 4.50000e-11 , 3.71900e-15 , 3.37800e-01
8.6000100e-04 , 6.61755e+02 , 1.36000e+05 , 2.81900e-07 , 1.46400e-05 , 3.25800e-12 , 8.30100e-11 , 3.83900e-05 , 2.71600e-09 , 5.11700e-02 , 2.95100e-04 , 5.11900e-14 , 2.38900e-15 , 9.38900e-16 , 4.91300e-14 , 6.13300e-01 , 4.50000e-11 , 3.55300e-15 , 3.31700e-01
8.9797900e-04 , 6.47548e+02 , 1.35000e+05 , 3.15400e-07 , 1.55800e-05 , 4.03700e-12 , 8.89600e-11 , 4.02600e-05 , 2.96400e-09 , 5.26200e-02 , 2.85300e-04 , 5.43500e-14 , 3.15400e-15 , 1.13500e-15 , 4.91300e-14 , 6.17900e-01 , 4.50000e-11 , 3.42400e-15 , 3.25500e-01
9.3866500e-04 , 6.32885e+02 , 1.34000e+05 , 3.51300e-07 , 1.65900e-05 , 5.06000e-12 , 9.51300e-11 , 4.21200e-05 , 3.22500e-09 , 5.41400e-02 , 2.75000e-04 , 5.75400e-14 , 4.11600e-15 , 1.37500e-15 , 4.91300e-14 , 6.22500e-01 , 4.50000e-11 , 3.33200e-15 , 3.19200e-01
9.8235300e-04 , 6.17958e+02 , 1.33000e+05 , 3.89300e-07 , 1.76900e-05 , 6.41700e-12 , 1.01500e-10 , 4.39500e-05 , 3.49900e-09 , 5.57500e-02 , 2.64800e-04 , 6.07300e-14 , 5.31200e-15 , 1.66800e-15 , 4.91300e-14 , 6.27200e-01 , 4.50000e-11 , 3.27300e-15 , 3.12800e-01
1.0293700e-03 , 6.02737e+02 , 1.32000e+05 , 4.29300e-07 , 1.88800e-05 , 8.23700e-12 , 1.08000e-10 , 4.57500e-05 , 3.78500e-09 , 5.74400e-02 , 2.55100e-04 , 6.38900e-14 , 6.77300e-15 , 2.02700e-15 , 4.91300e-14 , 6.31800e-01 , 4.50000e-11 , 3.24700e-15 , 3.06300e-01
1.0800900e-03 , 5.87252e+02 , 1.31000e+05 , 4.70900e-07 , 2.01700e-05 , 1.07000e-11 , 1.14700e-10 , 4.74900e-05 , 4.08100e-09 , 5.92200e-02 , 2.44900e-04 , 6.69900e-14 , 8.52900e-15 , 2.46700e-15 , 4.91300e-14 , 6.36500e-01 , 4.50000e-11 , 3.25500e-15 , 2.99600e-01
1.1349600e-03 , 5.71477e+02 , 1.30000e+05 , 5.13700e-07 , 2.15700e-05 , 1.40800e-11 , 1.21500e-10 , 4.91600e-05 , 4.38600e-09 , 6.10900e-02 , 2.34300e-04 , 7.00100e-14 , 1.06000e-14 , 3.00800e-15 , 4.91300e-14 , 6.41200e-01 , 4.50000e-11 , 3.29800e-15 , 2.92800e-01
1.1945300e-03 , 5.54373e+02 , 1.29000e+05 , 5.57300e-07 , 2.30900e-05 , 1.87500e-11 , 1.28300e-10 , 5.07500e-05 , 4.69700e-09 , 6.30600e-02 , 2.26500e-04 , 7.29000e-14 , 1.30000e-14 , 3.67400e-15 , 4.91300e-14 , 6.45900e-01 , 4.50000e-11 , 3.37800e-15 , 2.85900e-01
1.2595900e-03 , 5.35010e+02 , 1.28000e+05 , 6.01000e-07 , 2.47400e-05 , 2.52800e-11 , 1.35100e-10 , 5.22300e-05 , 5.01300e-09 , 6.51400e-02 , 2.16900e-04 , 7.56400e-14 , 1.57300e-14 , 4.49500e-15 , 4.91300e-14 , 6.50700e-01 , 4.50000e-11 , 3.49800e-15 , 2.78800e-01
1.3311600e-03 , 5.13988e+02 , 1.27000e+05 , 6.44300e-07 , 2.65300e-05 , 3.45400e-11 , 1.41900e-10 , 5.35900e-05 , 5.33000e-09 , 6.73200e-02 , 2.06000e-04 , 7.82100e-14 , 1.87600e-14 , 5.50800e-15 , 4.91300e-14 , 6.55500e-01 , 4.50000e-11 , 3.66400e-15 , 2.71600e-01
1.4103900e-03 , 4.91905e+02 , 1.26000e+05 , 6.86400e-07 , 2.84900e-05 , 4.77900e-11 , 1.48600e-10 , 5.48100e-05 , 5.64500e-09 , 6.96200e-02 , 1.97200e-04 , 8.05600e-14 , 2.20400e-14 , 6.76100e-15 , 4.91300e-14 , 6.60300e-01 , 4.50000e-11 , 3.88400e-15 , 2.64200e-01
1.4986700e-03 , 4.69360e+02 , 1.25000e+05 , 7.26500e-07 , 3.06100e-05 , 6.69800e-11 , 1.55100e-10 , 5.58800e-05 , 5.95600e-09 , 7.20300e-02 , 1.88500e-04 , 8.26800e-14 , 2.55000e-14 , 8.31100e-15 , 4.91300e-14 , 6.65100e-01 , 4.50000e-11 , 4.16800e-15 , 2.56600e-01
1.5975900e-03 , 4.46953e+02 , 1.24000e+05 , 7.63900e-07 , 3.29200e-05 , 9.50700e-11 , 1.61400e-10 , 5.67700e-05 , 6.25800e-09 , 7.45700e-02 , 1.78600e-04 , 8.45500e-14 , 2.90500e-14 , 1.02300e-14 , 4.91300e-14 , 6.70000e-01 , 4.50000e-11 , 4.52700e-15 , 2.48900e-01
1.7089500e-03 , 4.25282e+02 , 1.23000e+05 , 7.97800e-07 , 3.54500e-05 , 1.36600e-10 , 1.67400e-10 , 5.74900e-05 , 6.54900e-09 , 7.72300e-02 , 1.69500e-04 , 8.61500e-14 , 3.25500e-14 , 1.26200e-14 , 4.91300e-14 , 6.74900e-01 , 4.50000e-11 , 4.98000e-15 , 2.41000e-01
1.8348100e-03 , 4.04947e+02 , 1.22000e+05 , 8.27400e-07 , 3.82000e-05 , 1.98800e-10 , 1.73100e-10 , 5.80000e-05 , 6.82300e-09 , 8.00300e-02 , 1.62500e-04 , 8.74700e-14 , 3.58800e-14 , 1.55900e-14 , 4.91300e-14 , 6.79900e-01 , 4.50000e-11 , 5.55100e-15 , 2.33000e-01
1.9773400e-03 , 3.86547e+02 , 1.21000e+05 , 8.51900e-07 , 4.12000e-05 , 2.92700e-10 , 1.78300e-10 , 5.83100e-05 , 7.07700e-09 , 8.29700e-02 , 1.54700e-04 , 8.85300e-14 , 3.88800e-14 , 1.93000e-14 , 4.91300e-14 , 6.84900e-01 , 4.50000e-11 , 6.26900e-15 , 2.24800e-01
2.1568800e-03 , 3.70680e+02 , 1.20000e+05 , 8.70600e-07 , 4.44900e-05 , 4.35800e-10 , 1.83000e-10 , 5.84000e-05 , 7.30700e-09 , 8.60500e-02 , 1.45500e-04 , 8.93200e-14 , 4.13900e-14 , 2.39300e-14 , 4.91300e-14 , 6.89900e-01 , 4.50000e-11 , 7.17700e-15 , 2.16400e-01
2.3607000e-03 , 3.56280e+02 , 1.19000e+05 , 8.86400e-07 , 4.80600e-05 , 6.55100e-10 , 1.87500e-10 , 5.83800e-05 , 7.52700e-09 , 8.92700e-02 , 1.38800e-04 , 8.98900e-14 , 4.36700e-14 , 2.97400e-14 , 5.24700e-14 , 6.94900e-01 , 4.52400e-11 , 8.33200e-15 , 2.07800e-01
2.5936500e-03 , 3.41440e+02 , 1.18000e+05 , 9.03900e-07 , 5.16300e-05 , 9.94000e-10 , 1.92400e-10 , 5.83600e-05 , 7.77300e-09 , 9.26400e-02 , 1.30700e-04 , 9.03000e-14 , 4.62700e-14 , 3.70400e-14 , 5.63400e-14 , 7.00000e-01 , 4.54800e-11 , 9.81100e-15 , 1.99100e-01
2.8621800e-03 , 3.25230e+02 , 1.17000e+05 , 9.21700e-07 , 5.52200e-05 , 1.51700e-09 , 1.97800e-10 , 5.83400e-05 , 8.02700e-09 , 9.61400e-02 , 1.21100e-04 , 9.06000e-14 , 4.90200e-14 , 4.62500e-14 , 6.04900e-14 , 7.05000e-01 , 4.57200e-11 , 1.17200e-14 , 1.90300e-01
3.1741400e-03 , 3.09860e+02 , 1.16000e+05 , 9.41300e-07 , 5.88300e-05 , 2.32900e-09 , 2.03600e-10 , 5.83100e-05 , 8.31200e-09 , 9.97900e-02 , 1.11100e-04 , 9.08600e-14 , 5.21900e-14 , 5.79100e-14 , 6.53200e-14 , 7.10000e-01 , 4.59600e-11 , 1.42100e-14 , 1.81300e-01
3.5391200e-03 , 2.93960e+02 , 1.15000e+05 , 9.62000e-07 , 6.24900e-05 , 3.58600e-09 , 2.09700e-10 , 5.82700e-05 , 8.61600e-09 , 1.03600e-01 , 1.00400e-04 , 9.11400e-14 , 5.56700e-14 , 7.27500e-14 , 7.07100e-14 , 7.15000e-01 , 4.62000e-11 , 1.74900e-14 , 1.72200e-01
3.9707600e-03 , 2.77310e+02 , 1.14000e+05 , 9.84100e-07 , 6.62000e-05 , 5.49300e-09 , 2.15600e-10 , 5.82400e-05 , 8.94400e-09 , 1.07500e-01 , 8.94500e-05 , 9.14900e-14 , 5.95400e-14 , 9.17700e-14 , 7.68000e-14 , 7.19900e-01 , 4.64600e-11 , 2.18700e-14 , 1.63100e-01
4.4848300e-03 , 2.62860e+02 , 1.13000e+05 , 1.01000e-06 , 6.99500e-05 , 8.33600e-09 , 2.21800e-10 , 5.81900e-05 , 9.33500e-09 , 1.11500e-01 , 7.86100e-05 , 9.19400e-14 , 6.43100e-14 , 1.16500e-13 , 8.44200e-14 , 7.24800e-01 , 4.67200e-11 , 2.77700e-14 , 1.53900e-01
5.1021800e-03 , 2.47210e+02 , 1.12000e+05 , 1.03700e-06 , 7.37400e-05 , 1.24400e-08 , 2.28800e-10 , 5.81300e-05 , 9.74800e-09 , 1.15600e-01 , 6.68300e-05 , 9.25500e-14 , 6.95100e-14 , 1.48700e-13 , 9.28900e-14 , 7.29500e-01 , 4.69800e-11 , 3.58400e-14 , 1.44700e-01
5.8474000e-03 , 2.35470e+02 , 1.11000e+05 , 1.06700e-06 , 7.76600e-05 , 1.81700e-08 , 2.36100e-10 , 5.80600e-05 , 1.02200e-08 , 1.19800e-01 , 5.70700e-05 , 9.33700e-14 , 7.56900e-14 , 1.91000e-13 , 1.03100e-13 , 7.34200e-01 , 4.72400e-11 , 4.70100e-14 , 1.35500e-01
6.7493700e-03 , 2.23380e+02 , 1.10000e+05 , 1.09900e-06 , 8.16900e-05 , 2.58100e-08 , 2.44200e-10 , 5.79800e-05 , 1.07300e-08 , 1.24100e-01 , 4.81700e-05 , 9.44100e-14 , 8.25800e-14 , 2.46500e-13 , 1.14800e-13 , 7.38700e-01 , 4.75000e-11 , 6.26900e-14 , 1.26300e-01
7.8430900e-03 , 2.15040e+02 , 1.09000e+05 , 1.13500e-06 , 8.58900e-05 , 3.48400e-08 , 2.52400e-10 , 5.78800e-05 , 1.13100e-08 , 1.28500e-01 , 3.95300e-05 , 9.56900e-14 , 9.08300e-14 , 3.26600e-13 , 1.29000e-13 , 7.43000e-01 , 4.77400e-11 , 8.43100e-14 , 1.17200e-01
9.1648000e-03 , 2.07880e+02 , 1.08000e+05 , 1.17300e-06 , 9.01600e-05 , 4.47900e-08 , 2.59900e-10 , 5.77500e-05 , 1.19400e-08 , 1.32800e-01 , 3.24000e-05 , 9.74500e-14 , 1.00200e-13 , 4.40700e-13 , 1.45500e-13 , 7.47200e-01 , 4.79800e-11 , 1.13400e-13 , 1.08200e-01
1.0762000e-02 , 2.02230e+02 , 1.07000e+05 , 1.21300e-06 , 9.45500e-05 , 5.49800e-08 , 2.68600e-10 , 5.76100e-05 , 1.26300e-08 , 1.37200e-01 , 2.65900e-05 , 1.00200e-13 , 1.10800e-13 , 5.97500e-13 , 1.64700e-13 , 7.51300e-01 , 4.82200e-11 , 1.52800e-13 , 9.93000e-02
1.2686800e-02 , 1.98310e+02 , 1.06000e+05 , 1.25500e-06 , 1.00900e-04 , 6.46000e-08 , 2.77600e-10 , 5.74300e-05 , 1.33600e-08 , 1.41600e-01 , 2.14000e-05 , 1.03900e-13 , 1.22600e-13 , 8.08700e-13 , 1.86500e-13 , 7.55200e-01 , 4.84600e-11 , 2.06000e-13 , 9.06000e-02
1.5003800e-02 , 1.94710e+02 , 1.05000e+05 , 1.30000e-06 , 1.09400e-04 , 7.27500e-08 , 2.87300e-10 , 5.72300e-05 , 1.41500e-08 , 1.46000e-01 , 1.69500e-05 , 1.07200e-13 , 1.36000e-13 , 1.08700e-12 , 2.11800e-13 , 7.59000e-01 , 4.87000e-11 , 2.79300e-13 , 8.21100e-02
1.7792200e-02 , 1.92170e+02 , 1.04000e+05 , 1.34800e-06 , 1.17100e-04 , 8.01800e-08 , 2.96800e-10 , 5.69700e-05 , 1.50300e-08 , 1.50300e-01 , 1.34400e-05 , 1.09800e-13 , 1.51400e-13 , 1.43700e-12 , 2.41700e-13 , 7.62700e-01 , 4.89600e-11 , 3.78800e-13 , 7.38500e-02
2.1140000e-02 , 1.90450e+02 , 1.03000e+05 , 1.39800e-06 , 1.25600e-04 , 8.82400e-08 , 3.06800e-10 , 5.66700e-05 , 1.59600e-08 , 1.54500e-01 , 1.05200e-05 , 1.10400e-13 , 1.68700e-13 , 1.85800e-12 , 2.76000e-13 , 7.66200e-01 , 4.92200e-11 , 5.14000e-13 , 6.58700e-02
2.5154300e-02 , 1.89080e+02 , 1.02000e+05 , 1.45000e-06 , 1.35000e-04 , 9.72900e-08 , 3.17400e-10 , 5.63200e-05 , 1.69400e-08 , 1.58600e-01 , 8.00900e-06 , 1.08100e-13 , 1.87900e-13 , 2.37700e-12 , 3.15100e-13 , 7.69500e-01 , 4.94800e-11 , 6.97600e-13 , 5.82000e-02
2.9962600e-02 , 1.88280e+02 , 1.01000e+05 , 1.50300e-06 , 1.46400e-04 , 1.08500e-07 , 3.27900e-10 , 5.59000e-05 , 1.79900e-08 , 1.62600e-01 , 6.05100e-06 , 1.01900e-13 , 2.09300e-13 , 3.06100e-12 , 3.59800e-13 , 7.72700e-01 , 4.97400e-11 , 9.26300e-13 , 5.09000e-02
3.5714500e-02 , 1.87720e+02 , 1.00000e+05 , 1.56200e-06 , 1.58600e-04 , 1.24300e-07 , 3.39600e-10 , 5.53800e-05 , 1.91700e-08 , 1.66400e-01 , 4.52200e-06 , 9.27700e-14 , 2.34600e-13 , 4.03300e-12 , 4.13900e-13 , 7.75800e-01 , 5.00000e-11 , 1.23000e-12 , 4.39900e-02
4.2592000e-02 , 1.87320e+02 , 9.90000e+04 , 1.62300e-06 , 1.71500e-04 , 1.46800e-07 , 3.51200e-10 , 5.47500e-05 , 2.04300e-08 , 1.70100e-01 , 4.09700e-06 , 8.19800e-14 , 2.62900e-13 , 5.46900e-12 , 4.76200e-13 , 7.78700e-01 , 5.02400e-11 , 1.59800e-12 , 3.75300e-02
5.0811300e-02 , 1.87110e+02 , 9.80000e+04 , 1.68600e-06 , 1.84800e-04 , 1.77200e-07 , 3.63600e-10 , 5.40200e-05 , 2.17400e-08 , 1.73600e-01 , 3.04500e-06 , 7.07400e-14 , 2.94200e-13 , 7.59900e-12 , 5.46600e-13 , 7.81400e-01 , 5.04800e-11 , 2.07500e-12 , 3.15600e-02
6.0630100e-02 , 1.86970e+02 , 9.70000e+04 , 1.75100e-06 , 1.98400e-04 , 2.17100e-07 , 3.76100e-10 , 5.31300e-05 , 2.31500e-08 , 1.76900e-01 , 1.75200e-06 , 6.03600e-14 , 3.29400e-13 , 1.07600e-11 , 6.28100e-13 , 7.83900e-01 , 5.07200e-11 , 2.68900e-12 , 2.61200e-02
7.2356400e-02 , 1.86930e+02 , 9.60000e+04 , 1.82000e-06 , 2.12200e-04 , 2.68100e-07 , 3.88900e-10 , 5.20800e-05 , 2.46600e-08 , 1.79900e-01 , 6.38300e-07 , 5.13800e-14 , 3.69000e-13 , 1.54000e-11 , 7.22100e-13 , 7.86100e-01 , 5.09600e-11 , 3.48400e-12 , 2.12300e-02
8.6354200e-02 , 1.87000e+02 , 9.50000e+04 , 1.89100e-06 , 2.25500e-04 , 3.29100e-07 , 4.03300e-10 , 5.08200e-05 , 2.62700e-08 , 1.82800e-01 , 1.42200e-07 , 4.40600e-14 , 4.13500e-13 , 2.20600e-11 , 8.30500e-13 , 7.88000e-01 , 5.12000e-11 , 4.54000e-12 , 1.69300e-02
1.0306200e-01 , 1.87000e+02 , 9.40000e+04 , 1.96500e-06 , 2.38700e-04 , 3.96000e-07 , 4.18400e-10 , 4.93200e-05 , 2.79900e-08 , 1.85400e-01 , 1.08000e-07 , 3.81900e-14 , 4.63300e-13 , 3.12800e-11 , 9.55000e-13 , 7.89600e-01 , 5.14600e-11 , 5.91600e-12 , 1.32100e-02
1.2300200e-01 , 1.87140e+02 , 9.30000e+04 , 2.04200e-06 , 2.51700e-04 , 4.64100e-07 , 4.33400e-10 , 4.75200e-05 , 2.98300e-08 , 1.87800e-01 , 8.17000e-08 , 3.34900e-14 , 5.19500e-13 , 4.38800e-11 , 1.09900e-12 , 7.90900e-01 , 5.17200e-11 , 7.99100e-12 , 1.00800e-02
1.4677100e-01 , 1.87510e+02 , 9.20000e+04 , 2.12200e-06 , 2.64000e-04 , 5.27700e-07 , 4.48900e-10 , 4.53900e-05 , 3.17700e-08 , 1.89900e-01 , 6.16000e-08 , 2.96300e-14 , 5.82100e-13 , 6.09200e-11 , 1.26400e-12 , 7.91800e-01 , 5.19800e-11 , 1.07900e-11 , 7.50600e-03
1.7504400e-01 , 1.88360e+02 , 9.10000e+04 , 2.20500e-06 , 2.75400e-04 , 5.80100e-07 , 4.65400e-10 , 4.29300e-05 , 3.38500e-08 , 1.91800e-01 , 4.60200e-08 , 2.63300e-14 , 6.52200e-13 , 8.38000e-11 , 1.45300e-12 , 7.92400e-01 , 5.22400e-11 , 1.59300e-11 , 5.44500e-03
2.0857300e-01 , 1.89570e+02 , 9.00000e+04 , 2.29000e-06 , 2.85800e-04 , 6.11000e-07 , 4.82700e-10 , 4.16300e-05 , 3.60500e-08 , 1.93500e-01 , 3.39000e-08 , 2.33700e-14 , 7.30300e-13 , 1.14300e-10 , 1.67000e-12 , 7.92600e-01 , 5.25000e-11 , 2.35000e-11 , 3.84600e-03
2.4821800e-01 , 1.91170e+02 , 8.90000e+04 , 2.37900e-06 , 2.95300e-04 , 6.13200e-07 , 5.01800e-10 , 4.00900e-05 , 3.83800e-08 , 1.95000e-01 , 2.41800e-08 , 2.06400e-14 , 8.17500e-13 , 1.54400e-10 , 1.91800e-12 , 7.92600e-01 , 5.27400e-11 , 3.87300e-11 , 2.64300e-03
2.9492000e-01 , 1.93260e+02 , 8.80000e+04 , 2.47100e-06 , 3.04000e-04 , 5.84300e-07 , 5.21500e-10 , 3.82600e-05 , 4.08600e-08 , 1.96300e-01 , 1.65200e-08 , 1.81200e-14 , 9.14900e-13 , 2.06700e-10 , 2.20300e-12 , 7.92400e-01 , 5.29800e-11 , 6.38200e-11 , 1.76700e-03
3.4975300e-01 , 1.95520e+02 , 8.70000e+04 , 2.56400e-06 , 3.11900e-04 , 5.26100e-07 , 5.41100e-10 , 3.61400e-05 , 4.34200e-08 , 1.97500e-01 , 1.09400e-08 , 1.58200e-14 , 1.02000e-12 , 2.73300e-10 , 2.51900e-12 , 7.91900e-01 , 5.32200e-11 , 1.14000e-10 , 1.15100e-03
4.1395600e-01 , 1.97970e+02 , 8.60000e+04 , 2.66000e-06 , 3.18700e-04 , 4.51300e-07 , 5.61600e-10 , 3.36500e-05 , 4.61300e-08 , 1.98500e-01 , 7.19400e-09 , 1.38800e-14 , 1.13800e-12 , 3.58800e-10 , 2.88000e-12 , 7.91400e-01 , 5.34600e-11 , 2.03600e-10 , 7.31300e-04
4.8891500e-01 , 2.00620e+02 , 8.50000e+04 , 2.75900e-06 , 3.24700e-04 , 3.73500e-07 , 5.83900e-10 , 3.17700e-05 , 4.90000e-08 , 1.99500e-01 , 4.75400e-09 , 1.24100e-14 , 1.26900e-12 , 4.63200e-10 , 3.29100e-12 , 7.90800e-01 , 5.37000e-11 , 3.14500e-10 , 4.55500e-04
5.7634000e-01 , 2.02750e+02 , 8.40000e+04 , 2.86000e-06 , 3.30000e-04 , 3.06300e-07 , 6.07700e-10 , 3.04000e-05 , 5.19700e-08 , 2.00300e-01 , 3.30900e-09 , 1.15900e-14 , 1.41000e-12 , 5.86600e-10 , 3.74700e-12 , 7.90200e-01 , 5.39600e-11 , 4.85800e-10 , 2.79500e-04
6.7835700e-01 , 2.04540e+02 , 8.30000e+04 , 2.96300e-06 , 3.34300e-04 , 2.59500e-07 , 6.32700e-10 , 2.87900e-05 , 5.51000e-08 , 2.01000e-01 , 2.36900e-09 , 1.11500e-14 , 1.56700e-12 , 7.07400e-10 , 4.26500e-12 , 7.89500e-01 , 5.42200e-11 , 3.30200e-10 , 1.70200e-04
7.9749900e-01 , 2.05820e+02 , 8.20000e+04 , 3.07100e-06 , 3.38100e-04 , 2.33200e-07 , 6.58300e-10 , 2.69000e-05 , 5.84100e-08 , 2.01700e-01 , 1.80500e-09 , 1.12000e-14 , 1.74000e-12 , 7.83600e-10 , 4.85300e-12 , 7.88900e-01 , 5.44800e-11 , 2.24500e-10 , 1.04100e-04
9.3690000e-01 , 2.06480e+02 , 8.10000e+04 , 3.18100e-06 , 3.41300e-04 , 2.22900e-07 , 6.84600e-10 , 2.47000e-05 , 6.19000e-08 , 2.02300e-01 , 1.38900e-09 , 1.19400e-14 , 1.93100e-12 , 8.43000e-10 , 5.51500e-12 , 7.88300e-01 , 5.47400e-11 , 2.44200e-10 , 6.52400e-05
1.1002500e+00 , 2.06920e+02 , 8.00000e+04 , 3.29500e-06 , 3.44400e-04 , 2.26800e-07 , 7.13600e-10 , 2.21300e-05 , 6.55800e-08 , 2.02900e-01 , 1.11100e-09 , 1.34300e-14 , 2.14300e-12 , 8.96700e-10 , 6.26600e-12 , 7.87800e-01 , 5.50000e-11 , 2.65700e-10 , 4.27800e-05
1.2918900e+00 , 2.06990e+02 , 7.90000e+04 , 3.43100e-06 , 3.47100e-04 , 2.42500e-07 , 7.46200e-10 , 2.09000e-05 , 6.94900e-08 , 2.03600e-01 , 8.89000e-10 , 1.58700e-14 , 2.37800e-12 , 9.60400e-10 , 7.12300e-12 , 7.87000e-01 , 5.52400e-11 , 3.60100e-10 , 2.98000e-05
1.5170000e+00 , 2.06900e+02 , 7.80000e+04 , 3.57300e-06 , 3.49700e-04 , 2.64400e-07 , 7.81000e-10 , 1.95600e-05 , 7.36400e-08 , 2.04700e-01 , 7.14800e-10 , 1.96800e-14 , 2.63900e-12 , 1.06400e-09 , 8.09400e-12 , 7.85900e-01 , 5.54800e-11 , 4.88100e-10 , 2.20800e-05
1.7815200e+00 , 2.06850e+02 , 7.70000e+04 , 3.72100e-06 , 3.52200e-04 , 2.83100e-07 , 8.17400e-10 , 1.79800e-05 , 7.80200e-08 , 2.06000e-01 , 5.94900e-10 , 2.61000e-14 , 2.92800e-12 , 1.25600e-09 , 9.19800e-12 , 7.84600e-01 , 5.57200e-11 , 7.76600e-10 , 1.71600e-05
2.0921500e+00 , 2.07040e+02 , 7.60000e+04 , 3.87500e-06 , 3.54600e-04 , 2.94500e-07 , 8.54500e-10 , 1.61300e-05 , 8.26600e-08 , 2.07300e-01 , 5.29900e-10 , 3.64300e-14 , 3.24900e-12 , 1.57500e-09 , 1.04500e-11 , 7.83300e-01 , 5.59600e-11 , 1.23600e-09 , 1.37300e-05
2.4565100e+00 , 2.07440e+02 , 7.50000e+04 , 4.03400e-06 , 3.57000e-04 , 2.99600e-07 , 8.93800e-10 , 1.39700e-05 , 8.75600e-08 , 2.08500e-01 , 5.08000e-10 , 5.24000e-14 , 3.60300e-12 , 2.01200e-09 , 1.18700e-11 , 7.82000e-01 , 5.62000e-11 , 1.79300e-09 , 1.10600e-05
2.8833800e+00 , 2.08020e+02 , 7.40000e+04 , 4.17800e-06 , 3.59300e-04 , 2.96500e-07 , 9.42700e-10 , 1.24700e-05 , 9.27600e-08 , 2.09700e-01 , 5.81700e-10 , 7.78200e-14 , 3.99700e-12 , 2.50500e-09 , 1.34800e-11 , 7.80900e-01 , 5.64600e-11 , 2.60200e-09 , 8.81000e-06
3.3827800e+00 , 2.08830e+02 , 7.30000e+04 , 4.31200e-06 , 3.61600e-04 , 2.75800e-07 , 9.93400e-10 , 1.14800e-05 , 9.82600e-08 , 2.10600e-01 , 7.62400e-10 , 1.20400e-13 , 4.43300e-12 , 2.96600e-09 , 1.53100e-11 , 7.79900e-01 , 5.67200e-11 , 2.50500e-09 , 6.86900e-06
3.9660300e+00 , 2.09900e+02 , 7.20000e+04 , 4.44900e-06 , 3.63800e-04 , 2.22900e-07 , 1.04900e-09 , 1.03200e-05 , 1.04100e-07 , 2.11400e-01 , 9.94700e-10 , 1.91900e-13 , 4.91500e-12 , 3.28000e-09 , 1.73700e-11 , 7.79100e-01 , 5.69800e-11 , 2.41200e-09 , 5.21100e-06
4.6458500e+00 , 2.11240e+02 , 7.10000e+04 , 4.58900e-06 , 3.65700e-04 , 2.22400e-07 , 1.10200e-09 , 8.97200e-06 , 1.10100e-07 , 2.11800e-01 , 1.24000e-09 , 2.61700e-13 , 5.44300e-12 , 3.35700e-09 , 1.97000e-11 , 7.78600e-01 , 5.72400e-11 , 2.07300e-09 , 3.97200e-06
5.4357400e+00 , 2.13210e+02 , 7.00000e+04 , 4.73200e-06 , 3.67000e-04 , 2.56900e-07 , 1.16300e-09 , 7.41000e-06 , 1.16500e-07 , 2.12000e-01 , 1.45400e-09 , 3.39400e-13 , 6.02300e-12 , 3.19600e-09 , 2.23100e-11 , 7.78400e-01 , 5.75000e-11 , 1.78200e-09 , 3.11200e-06
6.3503100e+00 , 2.15510e+02 , 6.90000e+04 , 4.86400e-06 , 3.67800e-04 , 3.03700e-07 , 1.22900e-09 , 6.20800e-06 , 1.23200e-07 , 2.12000e-01 , 1.60200e-09 , 4.61000e-13 , 6.66000e-12 , 2.88900e-09 , 2.52400e-11 , 7.78400e-01 , 5.77600e-11 , 1.53600e-09 , 2.52000e-06
7.4058100e+00 , 2.18210e+02 , 6.80000e+04 , 4.98500e-06 , 3.68300e-04 , 3.62200e-07 , 1.30200e-09 , 5.38700e-06 , 1.30200e-07 , 2.12000e-01 , 1.66100e-09 , 6.51900e-13 , 7.35900e-12 , 2.53900e-09 , 2.85300e-11 , 7.78400e-01 , 5.80200e-11 , 1.32400e-09 , 2.11700e-06
8.6202900e+00 , 2.21100e+02 , 6.70000e+04 , 5.10800e-06 , 3.68300e-04 , 4.27300e-07 , 1.37800e-09 , 4.47500e-06 , 1.37500e-07 , 2.12000e-01 , 1.63400e-09 , 8.90600e-13 , 8.11600e-12 , 2.21000e-09 , 3.21800e-11 , 7.78400e-01 , 5.82800e-11 , 1.13200e-09 , 1.85300e-06
1.0013500e+01 , 2.24320e+02 , 6.60000e+04 , 5.27400e-06 , 3.68300e-04 , 5.00700e-07 , 1.45900e-09 , 3.94500e-06 , 1.45200e-07 , 2.12000e-01 , 1.53500e-09 , 1.28800e-12 , 8.94400e-12 , 1.93400e-09 , 3.62600e-11 , 7.78300e-01 , 5.85400e-11 , 9.68000e-10 , 1.67800e-06
1.1607300e+01 , 2.27620e+02 , 6.50000e+04 , 5.44200e-06 , 3.68300e-04 , 5.83800e-07 , 1.54500e-09 , 3.34600e-06 , 1.53000e-07 , 2.12000e-01 , 1.41800e-09 , 1.73700e-12 , 9.83300e-12 , 1.71000e-09 , 4.07300e-11 , 7.78300e-01 , 5.88000e-11 , 8.46300e-10 , 1.53900e-06
1.3426000e+01 , 2.31130e+02 , 6.40000e+04 , 5.58000e-06 , 3.68300e-04 , 6.83400e-07 , 1.64800e-09 , 2.89500e-06 , 1.61300e-07 , 2.12000e-01 , 1.31900e-09 , 2.40300e-12 , 1.08100e-11 , 1.52900e-09 , 4.57500e-11 , 7.78300e-01 , 5.90800e-11 , 7.40000e-10 , 1.41500e-06
1.5495900e+01 , 2.34720e+02 , 6.30000e+04 , 5.70300e-06 , 3.68300e-04 , 7.97900e-07 , 1.76000e-09 , 2.51400e-06 , 1.69800e-07 , 2.12000e-01 , 1.22700e-09 , 3.25300e-12 , 1.18600e-11 , 1.38400e-09 , 5.12900e-11 , 7.78300e-01 , 5.93600e-11 , 6.70600e-10 , 1.30100e-06
1.7847700e+01 , 2.38140e+02 , 6.20000e+04 , 5.81800e-06 , 3.68300e-04 , 9.37800e-07 , 1.87700e-09 , 2.12900e-06 , 1.78700e-07 , 2.11000e-01 , 1.14200e-09 , 4.38700e-12 , 1.30000e-11 , 1.26800e-09 , 5.73700e-11 , 7.79300e-01 , 5.96400e-11 , 6.07800e-10 , 1.19400e-06
2.0514800e+01 , 2.41750e+02 , 6.10000e+04 , 5.90200e-06 , 3.68300e-04 , 1.10400e-06 , 1.99800e-09 , 1.86800e-06 , 1.87900e-07 , 2.11000e-01 , 1.06400e-09 , 6.36200e-12 , 1.42200e-11 , 1.17300e-09 , 6.41000e-11 , 7.79300e-01 , 5.99200e-11 , 5.65400e-10 , 1.09400e-06
2.3535600e+01 , 2.44950e+02 , 6.00000e+04 , 5.98600e-06 , 3.68300e-04 , 1.27000e-06 , 2.14100e-09 , 1.57400e-06 , 1.97400e-07 , 2.12000e-01 , 1.11900e-09 , 8.59000e-12 , 1.55400e-11 , 1.09600e-09 , 7.14700e-11 , 7.78300e-01 , 6.02000e-11 , 5.26000e-10 , 9.94500e-07
2.6952300e+01 , 2.48410e+02 , 5.90000e+04 , 6.07900e-06 , 3.68300e-04 , 1.42800e-06 , 2.31400e-09 , 1.38400e-06 , 2.07200e-07 , 2.12000e-01 , 1.23700e-09 , 1.21000e-11 , 1.69700e-11 , 1.03000e-09 , 7.96300e-11 , 7.78300e-01 , 6.05800e-11 , 4.96600e-10 , 8.96000e-07
3.0813100e+01 , 2.51320e+02 , 5.80000e+04 , 6.17400e-06 , 3.68300e-04 , 1.58500e-06 , 2.49000e-09 , 1.20000e-06 , 2.17500e-07 , 2.11000e-01 , 1.48700e-09 , 1.62700e-11 , 1.85000e-11 , 9.73800e-10 , 8.85600e-11 , 7.79300e-01 , 6.09500e-11 , 4.68800e-10 , 7.97700e-07
3.5172300e+01 , 2.54420e+02 , 5.70000e+04 , 6.21700e-06 , 3.68300e-04 , 1.71700e-06 , 2.68300e-09 , 1.03100e-06 , 2.28100e-07 , 2.11000e-01 , 1.93500e-09 , 2.20900e-11 , 2.01700e-11 , 9.23700e-10 , 9.84400e-11 , 7.79300e-01 , 6.13300e-11 , 4.47000e-10 , 7.00000e-07
4.0090100e+01 , 2.57080e+02 , 5.60000e+04 , 6.24200e-06 , 3.68300e-04 , 1.83500e-06 , 2.88900e-09 , 9.03300e-07 , 2.39100e-07 , 2.12000e-01 , 2.49700e-09 , 3.02500e-11 , 2.19400e-11 , 8.78400e-10 , 1.09200e-10 , 7.78300e-01 , 6.17200e-11 , 4.26200e-10 , 6.03800e-07
4.5635700e+01 , 2.59760e+02 , 5.50000e+04 , 6.26600e-06 , 3.68300e-04 , 1.94000e-06 , 3.14400e-09 , 7.57900e-07 , 2.50500e-07 , 2.12000e-01 , 3.22500e-09 , 3.95000e-11 , 2.38600e-11 , 8.36500e-10 , 1.21000e-10 , 7.78300e-01 , 6.21000e-11 , 4.08700e-10 , 5.12700e-07
5.1888800e+01 , 2.61860e+02 , 5.40000e+04 , 6.24700e-06 , 3.68300e-04 , 2.02100e-06 , 3.45400e-09 , 6.74600e-07 , 2.66600e-07 , 2.12000e-01 , 4.03000e-09 , 5.71300e-11 , 2.59200e-11 , 7.97000e-10 , 1.34000e-10 , 7.78300e-01 , 6.25300e-11 , 3.91900e-10 , 4.28900e-07
5.8941800e+01 , 2.63870e+02 , 5.30000e+04 , 6.21700e-06 , 3.68300e-04 , 2.12900e-06 , 3.78900e-09 , 5.85100e-07 , 2.84700e-07 , 2.12000e-01 , 4.88300e-09 , 7.74900e-11 , 2.81600e-11 , 7.58900e-10 , 1.48300e-10 , 7.78300e-01 , 6.29700e-11 , 3.76500e-10 , 3.54500e-07
6.6899800e+01 , 2.65360e+02 , 5.20000e+04 , 6.18700e-06 , 3.68300e-04 , 2.29600e-06 , 4.09000e-09 , 5.06000e-07 , 3.04000e-07 , 2.12000e-01 , 5.81700e-09 , 1.06000e-10 , 3.05700e-11 , 7.21300e-10 , 1.64100e-10 , 7.78300e-01 , 6.34100e-11 , 3.61600e-10 , 2.90400e-07
7.5884600e+01 , 2.66670e+02 , 5.10000e+04 , 6.13900e-06 , 3.68300e-04 , 2.31200e-06 , 5.27500e-09 , 4.46600e-07 , 3.28000e-07 , 2.12000e-01 , 6.76700e-09 , 1.45600e-10 , 3.47600e-11 , 6.83600e-10 , 1.82900e-10 , 7.78300e-01 , 6.38500e-11 , 3.46500e-10 , 2.34700e-07
8.6036900e+01 , 2.67460e+02 , 5.00000e+04 , 6.08700e-06 , 3.68300e-04 , 2.53300e-06 , 7.12200e-09 , 3.79700e-07 , 3.54700e-07 , 2.12000e-01 , 7.81700e-09 , 1.90600e-10 , 3.99600e-11 , 6.45200e-10 , 2.06700e-10 , 7.78300e-01 , 6.43000e-11 , 3.32100e-10 , 1.88600e-07
9.7520800e+01 , 2.68000e+02 , 4.90000e+04 , 6.03500e-06 , 3.68300e-04 , 2.77400e-06 , 9.60700e-09 , 3.32500e-07 , 3.83500e-07 , 2.12000e-01 , 8.78500e-09 , 2.72400e-10 , 4.59200e-11 , 6.05700e-10 , 2.28000e-10 , 7.78300e-01 , 6.53700e-11 , 3.15500e-10 , 1.50700e-07
1.1052800e+02 , 2.68000e+02 , 4.80000e+04 , 5.97500e-06 , 3.68300e-04 , 3.04700e-06 , 1.23700e-08 , 2.80600e-07 , 4.15900e-07 , 2.12000e-01 , 9.61900e-09 , 3.69900e-10 , 5.49200e-11 , 5.64700e-10 , 2.51000e-10 , 7.78300e-01 , 6.64500e-11 , 2.99800e-10 , 1.19600e-07
1.2528100e+02 , 2.67780e+02 , 4.70000e+04 , 5.91300e-06 , 3.68300e-04 , 3.35000e-06 , 1.56900e-08 , 2.50500e-07 , 4.51400e-07 , 2.12000e-01 , 1.04300e-08 , 5.76500e-10 , 6.65700e-11 , 5.21900e-10 , 2.76800e-10 , 7.78300e-01 , 6.75900e-11 , 2.80400e-10 , 9.37900e-08
1.4203800e+02 , 2.67130e+02 , 4.60000e+04 , 5.85000e-06 , 3.68300e-04 , 3.68600e-06 , 1.99300e-08 , 2.16600e-07 , 4.90300e-07 , 2.12000e-01 , 1.10700e-08 , 8.28400e-10 , 8.08200e-11 , 4.77500e-10 , 3.05700e-10 , 7.78300e-01 , 6.87800e-11 , 2.62200e-10 , 7.28200e-08
1.6110000e+02 , 2.66270e+02 , 4.50000e+04 , 5.75900e-06 , 3.68300e-04 , 4.06000e-06 , 2.46200e-08 , 1.88700e-07 , 5.32800e-07 , 2.11000e-01 , 1.16200e-08 , 1.42300e-09 , 9.92800e-11 , 4.31700e-10 , 3.32500e-10 , 7.79300e-01 , 7.00000e-11 , 2.41700e-10 , 5.58600e-08
1.8281700e+02 , 2.65070e+02 , 4.40000e+04 , 5.65500e-06 , 3.68300e-04 , 4.48000e-06 , 3.00900e-08 , 1.66700e-07 , 5.79700e-07 , 2.11000e-01 , 1.20000e-08 , 2.05600e-09 , 1.23000e-10 , 3.85100e-10 , 3.52500e-10 , 7.79300e-01 , 7.11800e-11 , 2.22800e-10 , 4.21000e-08
2.0760100e+02 , 2.63620e+02 , 4.30000e+04 , 5.55300e-06 , 3.68300e-04 , 4.94300e-06 , 3.68000e-08 , 1.41600e-07 , 6.30800e-07 , 2.11000e-01 , 1.22000e-08 , 2.77700e-09 , 1.52400e-10 , 3.38200e-10 , 3.63900e-10 , 7.79300e-01 , 7.23900e-11 , 2.01200e-10 , 3.11600e-08
2.3593900e+02 , 2.61840e+02 , 4.20000e+04 , 5.45000e-06 , 3.68300e-04 , 5.43800e-06 , 4.40300e-08 , 1.12900e-07 , 6.82300e-07 , 2.12000e-01 , 1.23500e-08 , 3.60300e-09 , 1.93900e-10 , 2.91700e-10 , 3.63900e-10 , 7.78300e-01 , 7.36500e-11 , 1.81700e-10 , 2.26400e-08
2.6840200e+02 , 2.59870e+02 , 4.10000e+04 , 5.34700e-06 , 3.68300e-04 , 5.97100e-06 , 5.20900e-08 , 9.45900e-08 , 7.35600e-07 , 2.12000e-01 , 1.23500e-08 , 4.47400e-09 , 2.50100e-10 , 2.46800e-10 , 3.64800e-10 , 7.78300e-01 , 7.49600e-11 , 1.64500e-10 , 1.61700e-08
3.0566000e+02 , 2.57700e+02 , 4.00000e+04 , 5.24600e-06 , 3.68300e-04 , 6.56000e-06 , 6.16700e-08 , 7.36200e-08 , 7.93400e-07 , 2.12000e-01 , 1.22200e-08 , 5.47000e-09 , 3.22800e-10 , 2.04400e-10 , 3.61200e-10 , 7.78300e-01 , 7.63000e-11 , 1.49000e-10 , 1.13600e-08
3.4849900e+02 , 2.55390e+02 , 3.90000e+04 , 5.14300e-06 , 3.68300e-04 , 7.07000e-06 , 7.22400e-08 , 6.15100e-08 , 8.48600e-07 , 2.12000e-01 , 1.19900e-08 , 6.29600e-09 , 4.26600e-10 , 1.65600e-10 , 3.55900e-10 , 7.78300e-01 , 7.78400e-11 , 1.38100e-10 , 7.86600e-09
3.9784900e+02 , 2.52920e+02 , 3.80000e+04 , 5.04000e-06 , 3.68300e-04 , 7.55800e-06 , 8.43300e-08 , 4.78600e-08 , 9.04700e-07 , 2.12000e-01 , 1.15900e-08 , 7.24100e-09 , 5.70900e-10 , 1.31300e-10 , 3.50200e-10 , 7.78300e-01 , 7.94000e-11 , 1.28000e-10 , 5.38100e-09
4.5480700e+02 , 2.50370e+02 , 3.70000e+04 , 4.93800e-06 , 3.68300e-04 , 8.08400e-06 , 9.85300e-08 , 4.23400e-08 , 9.65000e-07 , 2.12000e-01 , 1.10000e-08 , 7.43300e-09 , 7.65600e-10 , 1.02000e-10 , 3.40000e-10 , 7.78300e-01 , 8.10600e-11 , 1.19800e-10 , 3.65200e-09
5.2068500e+02 , 2.47600e+02 , 3.60000e+04 , 4.83800e-06 , 3.68300e-04 , 8.48500e-06 , 1.12200e-07 , 3.66700e-08 , 1.02000e-06 , 2.12000e-01 , 1.03500e-08 , 7.59500e-09 , 9.75600e-10 , 7.78200e-11 , 3.30000e-10 , 7.78300e-01 , 8.28100e-11 , 1.12100e-10 , 2.46000e-09
5.9704100e+02 , 2.44820e+02 , 3.50000e+04 , 4.73800e-06 , 3.68300e-04 , 8.87400e-06 , 1.27300e-07 , 3.00400e-08 , 1.07800e-06 , 2.12000e-01 , 9.56700e-09 , 7.78500e-09 , 1.23400e-09 , 5.84000e-11 , 3.18000e-10 , 7.78300e-01 , 8.46000e-11 , 1.04000e-10 , 1.64700e-09
6.8575500e+02 , 2.41730e+02 , 3.40000e+04 , 4.64000e-06 , 3.68300e-04 , 9.28300e-06 , 1.44600e-07 , 2.63100e-08 , 1.13900e-06 , 2.12000e-01 , 8.73900e-09 , 7.80000e-09 , 1.56300e-09 , 4.32100e-11 , 3.05000e-10 , 7.78300e-01 , 8.68700e-11 , 9.65000e-11 , 1.09600e-09
7.8906700e+02 , 2.38740e+02 , 3.30000e+04 , 4.54400e-06 , 3.68300e-04 , 9.51000e-06 , 1.58100e-07 , 2.45100e-08 , 1.18900e-06 , 2.12000e-01 , 7.75200e-09 , 7.67200e-09 , 1.86400e-09 , 3.15900e-11 , 2.95000e-10 , 7.78300e-01 , 8.92100e-11 , 8.63800e-11 , 7.24400e-10
9.0966000e+02 , 2.35500e+02 , 3.20000e+04 , 4.45100e-06 , 3.68300e-04 , 9.74400e-06 , 1.72900e-07 , 2.26300e-08 , 1.24200e-06 , 2.12000e-01 , 6.84100e-09 , 7.51200e-09 , 2.22400e-09 , 2.28500e-11 , 2.86000e-10 , 7.78300e-01 , 9.17400e-11 , 7.73200e-11 , 4.74300e-10
1.0507200e+03 , 2.32500e+02 , 3.10000e+04 , 4.35300e-06 , 3.68300e-04 , 9.81100e-06 , 1.88500e-07 , 2.17600e-08 , 1.29200e-06 , 2.12000e-01 , 6.01200e-09 , 7.16900e-09 , 2.59500e-09 , 1.63900e-11 , 2.77000e-10 , 7.78300e-01 , 9.44800e-11 , 6.56700e-11 , 3.07100e-10
1.2159000e+03 , 2.29720e+02 , 3.00000e+04 , 4.25000e-06 , 3.68300e-04 , 9.49300e-06 , 2.03300e-07 , 2.08400e-08 , 1.33100e-06 , 2.12000e-01 , 5.02300e-09 , 6.75800e-09 , 2.86300e-09 , 1.16800e-11 , 2.65300e-10 , 7.78300e-01 , 9.73000e-11 , 5.57800e-11 , 1.95700e-10
1.4094800e+03 , 2.27240e+02 , 2.90000e+04 , 4.14700e-06 , 3.68300e-04 , 9.18000e-06 , 2.19500e-07 , 1.97600e-08 , 1.37200e-06 , 2.12000e-01 , 4.10000e-09 , 6.27500e-09 , 3.16300e-09 , 8.30200e-12 , 2.44200e-10 , 7.78300e-01 , 1.00300e-10 , 4.35300e-11 , 1.22700e-10
1.6363600e+03 , 2.25220e+02 , 2.80000e+04 , 4.07100e-06 , 3.68300e-04 , 8.35600e-06 , 2.30900e-07 , 1.92200e-08 , 1.40800e-06 , 2.12000e-01 , 3.24600e-09 , 6.00900e-09 , 3.26000e-09 , 5.90300e-12 , 2.19600e-10 , 7.78300e-01 , 1.03400e-10 , 3.39800e-11 , 7.53200e-11
1.9024200e+03 , 2.23180e+02 , 2.70000e+04 , 4.00600e-06 , 3.68300e-04 , 7.40400e-06 , 2.40100e-07 , 1.92000e-08 , 1.44200e-06 , 2.12000e-01 , 2.43800e-09 , 5.19400e-09 , 3.25800e-09 , 4.21300e-12 , 1.90000e-10 , 7.78300e-01 , 1.06600e-10 , 2.54900e-11 , 4.51100e-11
2.2148000e+03 , 2.21280e+02 , 2.60000e+04 , 3.94900e-06 , 3.68300e-04 , 6.43400e-06 , 2.49900e-07 , 1.92000e-08 , 1.47600e-06 , 2.12000e-01 , 1.81800e-09 , 4.21300e-09 , 3.21300e-09 , 3.02300e-12 , 1.61200e-10 , 7.78300e-01 , 1.09700e-10 , 1.91300e-11 , 2.63200e-11
2.5820900e+03 , 2.19260e+02 , 2.50000e+04 , 3.93500e-06 , 3.68300e-04 , 5.06400e-06 , 2.58000e-07 , 1.98800e-08 , 1.50500e-06 , 2.12000e-01 , 1.23200e-09 , 3.89100e-09 , 2.93600e-09 , 2.18200e-12 , 1.32200e-10 , 7.78300e-01 , 1.13000e-10 , 1.32700e-11 , 1.48400e-11
3.0148700e+03 , 2.17090e+02 , 2.40000e+04 , 3.92200e-06 , 3.68300e-04 , 3.97500e-06 , 2.66500e-07 , 2.06800e-08 , 1.53500e-06 , 2.12000e-01 , 8.07500e-10 , 3.52100e-09 , 2.68100e-09 , 1.58800e-12 , 9.90900e-11 , 7.78300e-01 , 1.19000e-10 , 9.20700e-12 , 8.10100e-12
3.5259900e+03 , 2.14810e+02 , 2.30000e+04 , 3.86900e-06 , 3.68300e-04 , 2.88000e-06 , 2.75200e-07 , 2.16400e-08 , 1.55700e-06 , 2.12000e-01 , 4.93800e-10 , 3.08800e-09 , 2.29800e-09 , 1.16500e-12 , 7.17300e-11 , 7.78300e-01 , 1.25000e-10 , 5.72000e-12 , 4.25700e-12
4.1311700e+03 , 2.12330e+02 , 2.20000e+04 , 3.79900e-06 , 3.68300e-04 , 2.00500e-06 , 2.80200e-07 , 2.30900e-08 , 1.57400e-06 , 2.12000e-01 , 2.70200e-10 , 2.68500e-09 , 1.91000e-09 , 8.64500e-13 , 4.49200e-11 , 7.78300e-01 , 1.30000e-10 , 3.55400e-12 , 2.15600e-12
4.8496200e+03 , 2.09770e+02 , 2.10000e+04 , 3.70700e-06 , 3.68300e-04 , 1.33200e-06 , 2.85100e-07 , 2.56100e-08 , 1.59400e-06 , 2.12000e-01 , 2.72700e-10 , 2.27200e-09 , 1.52500e-09 , 6.48800e-13 , 4.23400e-11 , 7.78300e-01 , 1.34000e-10 , 2.13100e-12 , 1.05500e-12
5.7052500e+03 , 2.06890e+02 , 2.00000e+04 , 3.54900e-06 , 3.68300e-04 , 7.71500e-07 , 2.90200e-07 , 2.86700e-08 , 1.61700e-06 , 2.12000e-01 , 2.75300e-10 , 1.78800e-09 , 1.08100e-09 , 4.94400e-13 , 3.07300e-11 , 7.78300e-01 , 1.37000e-10 , 1.27800e-12 , 4.98800e-13
6.7284800e+03 , 2.03640e+02 , 1.90000e+04 , 3.39700e-06 , 3.69500e-04 , 4.44600e-07 , 2.95100e-07 , 3.30000e-08 , 1.64200e-06 , 2.12000e-01 , 2.77900e-10 , 1.46900e-09 , 7.63900e-10 , 3.86000e-13 , 2.24000e-11 , 7.78300e-01 , 1.41000e-10 , 1.00800e-12 , 2.31300e-13
7.9574300e+03 , 2.00180e+02 , 1.80000e+04 , 3.50400e-06 , 3.70500e-04 , 2.08000e-07 , 3.00100e-07 , 3.81900e-08 , 1.68000e-06 , 2.12000e-01 , 2.80600e-10 , 1.09200e-09 , 4.31700e-10 , 3.10700e-13 , 1.07700e-11 , 7.78300e-01 , 1.45000e-10 , 7.95300e-13 , 1.04700e-13
9.4341600e+03 , 1.97900e+02 , 1.70000e+04 , 3.64400e-06 , 3.71700e-04 , 9.42000e-08 , 3.02600e-07 , 4.42500e-08 , 1.72100e-06 , 2.12000e-01 , 1.93300e-10 , 8.46700e-10 , 2.36400e-10 , 2.55500e-13 , 7.40700e-12 , 7.78300e-01 , 1.49000e-10 , 7.12000e-13 , 4.71400e-14
1.1199500e+04 , 1.97280e+02 , 1.60000e+04 , 3.99900e-06 , 3.72700e-04 , 5.92900e-08 , 3.04600e-07 , 5.15400e-08 , 1.74300e-06 , 2.12000e-01 , 1.39000e-10 , 5.54800e-10 , 1.41200e-10 , 2.18400e-13 , 5.09300e-12 , 7.78300e-01 , 1.52000e-10 , 6.37500e-13 , 2.21200e-14
1.3280300e+04 , 2.00620e+02 , 1.50000e+04 , 6.32300e-06 , 3.73400e-04 , 4.92400e-08 , 3.06700e-07 , 6.01400e-08 , 1.75500e-06 , 2.12000e-01 , 1.00100e-10 , 2.09600e-10 , 1.06700e-10 , 1.94900e-13 , 3.50600e-12 , 7.78300e-01 , 1.55000e-10 , 8.02700e-13 , 1.13300e-14
1.5686100e+04 , 2.06790e+02 , 1.40000e+04 , 1.15900e-05 , 3.73800e-04 , 4.50000e-08 , 3.08700e-07 , 7.00100e-08 , 1.76600e-06 , 2.12000e-01 , 7.62900e-11 , 9.02600e-11 , 9.76200e-11 , 1.79100e-13 , 2.43500e-12 , 7.78300e-01 , 1.57000e-10 , 1.01100e-12 , 6.44100e-15
1.8427700e+04 , 2.14420e+02 , 1.30000e+04 , 2.30000e-05 , 3.73900e-04 , 4.28800e-08 , 3.10600e-07 , 7.20000e-08 , 1.76900e-06 , 2.12000e-01 , 6.05400e-11 , 7.47300e-11 , 9.90900e-11 , 1.67500e-13 , 1.70800e-12 , 7.78300e-01 , 1.59000e-10 , 1.24500e-12 , 4.11100e-15
2.1522600e+04 , 2.22770e+02 , 1.20000e+04 , 5.40700e-05 , 3.73900e-04 , 4.17400e-08 , 3.12500e-07 , 7.42400e-08 , 1.76900e-06 , 2.12000e-01 , 4.95600e-11 , 6.50600e-11 , 1.04300e-10 , 1.59900e-13 , 1.21400e-12 , 7.78200e-01 , 1.60000e-10 , 1.53300e-12 , 2.95800e-15
2.4997500e+04 , 2.30840e+02 , 1.10000e+04 , 2.37700e-04 , 3.73900e-04 , 4.11700e-08 , 3.14400e-07 , 7.55600e-08 , 1.76900e-06 , 2.12000e-01 , 3.92900e-11 , 5.59300e-11 , 1.09900e-10 , 1.54600e-13 , 8.75900e-13 , 7.78000e-01 , 1.60000e-10 , 2.04400e-12 , 2.33800e-15
2.8882600e+04 , 2.39280e+02 , 1.00000e+04 , 6.38800e-04 , 3.73900e-04 , 4.09900e-08 , 3.16200e-07 , 7.61200e-08 , 1.76900e-06 , 2.12000e-01 , 2.93500e-11 , 4.83200e-11 , 1.18600e-10 , 1.49100e-13 , 6.36400e-13 , 7.77600e-01 , 1.60000e-10 , 2.72500e-12 , 1.94800e-15
3.3218900e+04 , 2.46390e+02 , 9.00000e+03 , 1.02300e-03 , 3.73900e-04 , 4.08300e-08 , 3.17000e-07 , 7.66300e-08 , 1.76900e-06 , 2.12000e-01 , 2.20200e-11 , 4.07300e-11 , 1.27900e-10 , 1.44000e-13 , 4.69800e-13 , 7.77300e-01 , 1.60000e-10 , 3.57200e-12 , 1.66300e-15
3.8050700e+04 , 2.54040e+02 , 8.00000e+03 , 1.49200e-03 , 3.73900e-04 , 4.05700e-08 , 3.17000e-07 , 7.69500e-08 , 1.76800e-06 , 2.12000e-01 , 1.58800e-11 , 3.58600e-11 , 1.39200e-10 , 1.40400e-13 , 3.47700e-13 , 7.76800e-01 , 1.60000e-10 , 4.68300e-12 , 1.44000e-15
4.3428700e+04 , 2.60160e+02 , 7.00000e+03 , 2.20000e-03 , 3.73900e-04 , 3.98800e-08 , 3.17000e-07 , 7.75000e-08 , 1.76800e-06 , 2.12000e-01 , 1.15100e-11 , 3.07900e-11 , 1.50400e-10 , 1.38200e-13 , 2.60800e-13 , 7.76100e-01 , 1.60000e-10 , 5.88800e-12 , 1.24700e-15
4.9412600e+04 , 2.66630e+02 , 6.00000e+03 , 3.29300e-03 , 3.73900e-04 , 3.86700e-08 , 3.17000e-07 , 7.84000e-08 , 1.76800e-06 , 2.12000e-01 , 8.26400e-12 , 2.54100e-11 , 1.61900e-10 , 1.37000e-13 , 1.96100e-13 , 7.75000e-01 , 1.60000e-10 , 7.40500e-12 , 1.07500e-15
5.6062600e+04 , 2.72100e+02 , 5.00000e+03 , 4.87400e-03 , 3.73900e-04 , 3.66000e-08 , 3.17000e-07 , 8.01600e-08 , 1.76700e-06 , 2.12000e-01 , 6.78400e-12 , 2.42100e-11 , 1.82800e-10 , 1.37000e-13 , 1.48900e-13 , 7.73400e-01 , 1.60000e-10 , 8.77300e-12 , 9.15400e-16
6.3446000e+04 , 2.77880e+02 , 4.00000e+03 , 7.07700e-03 , 3.73900e-04 , 3.40700e-08 , 3.17000e-07 , 8.28500e-08 , 1.76700e-06 , 2.12000e-01 , 5.92000e-12 , 2.49100e-11 , 2.12200e-10 , 1.37500e-13 , 1.13300e-13 , 7.71200e-01 , 1.60000e-10 , 1.03900e-11 , 8.27500e-16
7.1633600e+04 , 2.82900e+02 , 3.00000e+03 , 1.00400e-02 , 3.73900e-04 , 3.09800e-08 , 3.17000e-07 , 8.64200e-08 , 1.76800e-06 , 2.12000e-01 , 5.49700e-12 , 2.78100e-11 , 2.45300e-10 , 1.38200e-13 , 8.69400e-14 , 7.68200e-01 , 1.61000e-10 , 1.03900e-11 , 7.30200e-16
8.0698800e+04 , 2.88490e+02 , 2.00000e+03 , 1.48200e-02 , 3.73900e-04 , 2.70800e-08 , 3.17000e-07 , 8.95800e-08 , 1.76800e-06 , 2.12000e-01 , 5.44600e-12 , 3.39700e-11 , 2.48500e-10 , 1.38900e-13 , 6.67600e-14 , 7.63500e-01 , 1.63000e-10 , 1.03900e-11 , 6.24100e-16
9.0701900e+04 , 2.94350e+02 , 1.00000e+03 , 2.06000e-02 , 3.73900e-04 , 2.26700e-08 , 3.17000e-07 , 9.12800e-08 , 1.76800e-06 , 2.12000e-01 , 7.28600e-12 , 5.35500e-11 , 1.85700e-10 , 1.39400e-13 , 5.15900e-14 , 7.57700e-01 , 1.65000e-10 , 3.22400e-14 , 5.10700e-16
1.0130000e+05 , 3.00930e+02 , 0.00000e+00 , 2.72500e-02 , 3.73900e-04 , 1.85000e-08 , 3.17000e-07 , 1.00200e-07 , 1.77300e-06 , 2.12000e-01 , 2.02500e-11 , 2.36000e-10 , 8.58400e-11 , 1.39500e-13 , 3.98900e-14 , 7.51000e-01 , 1.70000e-10 , 1.00000e-16 , 4.21100e-16
